date,avg_temp,min_temp,max_temp,precipitation,mosquito_value_house
2020-01-01,-2.2,-6.5,0.3,0.1,5.5
2020-01-02,1.0,-0.7,3.8,0.0,5.5
2020-01-03,-0.1,-3.4,4.6,0.0,5.5
2020-01-04,1.2,-2.8,6.1,0.0,5.5
2020-01-05,1.3,-3.2,6.6,0.0,5.5
2020-01-06,3.1,0.6,4.6,1.8,5.5
2020-01-07,6.3,4.2,7.7,46.3,5.5
2020-01-08,2.4,-0.4,8.9,11.6,5.5
2020-01-09,-1.2,-3.1,2.0,0.0,5.5
2020-01-10,-0.6,-4.3,4.2,0.0,5.5
2020-01-11,-0.1,-2.6,3.9,0.0,5.5
2020-01-12,-1.0,-3.5,2.8,0.0,5.5
2020-01-13,-2.9,-4.7,0.2,0.0,5.5
2020-01-14,-2.3,-5.7,2.6,0.0,5.5
2020-01-15,-2.7,-6.4,2.2,0.0,5.5
2020-01-16,-1.7,-5.5,3.2,0.0,5.5
2020-01-17,-0.6,-4.8,4.9,0.0,5.5
2020-01-18,0.3,-4.1,5.9,0.0,5.5
2020-01-19,1.9,-0.4,5.3,0.6,5.5
2020-01-20,0.7,-3.3,5.5,0.0,5.5
2020-01-21,-0.4,-5.6,5.5,0.0,5.5
2020-01-22,3.0,-0.1,7.8,0.0,5.5
2020-01-23,4.6,0.0,9.9,0.0,5.5
2020-01-24,2.8,-1.3,7.4,0.0,5.5
2020-01-25,4.3,0.6,8.8,0.0,5.5
2020-01-26,5.5,-0.2,11.9,0.0,5.5
2020-01-27,5.9,4.8,7.5,0.1,5.5
2020-01-28,6.8,4.3,9.9,0.0,5.5
2020-01-29,6.0,3.2,9.6,0.0,5.5
2020-01-30,5.2,1.4,10.4,0.0,5.5
2020-01-31,3.9,1.4,8.9,0.0,5.5
2020-02-01,2.6,-1.2,7.6,0.0,5.5
2020-02-02,1.5,-2.1,5.3,0.0,5.5
2020-02-03,-0.4,-2.9,3.0,0.0,5.5
2020-02-04,-1.6,-6.0,3.9,1.7,5.5
2020-02-05,-8.3,-11.0,-4.9,0.0,5.5
2020-02-06,-6.4,-11.8,0.4,0.0,5.5
2020-02-07,-1.7,-7.2,2.2,0.0,5.5
2020-02-08,-0.1,-2.3,3.7,0.0,5.5
2020-02-09,-0.5,-5.6,4.1,0.0,5.5
2020-02-10,4.0,-0.7,9.6,0.0,5.5
2020-02-11,6.8,-0.5,14.6,0.0,5.5
2020-02-12,7.4,6.5,8.2,6.7,5.5
2020-02-13,6.5,4.9,8.7,0.0,5.5
2020-02-14,8.1,3.2,14.7,0.0,5.5
2020-02-15,9.8,6.2,15.6,2.0,5.5
2020-02-16,-1.4,-4.3,7.7,13.4,5.5
2020-02-17,-5.9,-7.1,-3.9,1.0,25.0
2020-02-18,-4.1,-8.3,1.3,0.0,14.0
2020-02-19,1.0,-4.4,6.4,0.0,11.0
2020-02-20,4.6,-0.6,10.8,0.0,15.0
2020-02-21,6.7,2.1,10.9,4.2,15.0
2020-02-22,4.0,0.0,7.9,3.1,15.0
2020-02-23,2.5,-2.5,8.0,0.0,15.0
2020-02-24,7.0,0.8,12.2,0.0,15.0
2020-02-25,6.7,4.7,9.4,16.6,15.0
2020-02-26,6.4,2.8,10.4,0.0,15.0
2020-02-27,6.1,1.3,12.5,0.0,15.0
2020-02-28,4.5,3.6,5.9,3.9,15.0
2020-02-29,7.7,4.5,13.0,0.5,15.0
2020-03-01,5.8,3.2,10.1,0.2,15.0
2020-03-02,3.4,0.0,7.6,0.0,15.0
2020-03-03,4.8,0.3,10.5,0.0,15.0
2020-03-04,2.2,-1.3,4.6,0.0,15.1
2020-03-05,1.4,-2.8,6.3,0.0,15.0
2020-03-06,3.7,-2.5,10.1,0.0,15.0
2020-03-07,7.0,1.3,14.2,0.0,15.0
2020-03-08,9.3,2.3,16.9,0.0,15.2
2020-03-09,11.1,4.8,17.6,0.0,15.0
2020-03-10,6.4,3.2,10.8,11.8,15.0
2020-03-11,3.8,0.0,8.3,0.0,15.0
2020-03-12,6.8,0.2,13.3,0.0,15.0
2020-03-13,4.9,-0.1,8.7,0.5,15.0
2020-03-14,3.6,-2.7,8.6,0.0,15.0
2020-03-15,4.0,0.2,8.5,0.0,15.0
2020-03-16,3.6,-2.1,9.1,0.0,15.0
2020-03-17,6.6,3.1,12.3,0.0,15.0
2020-03-18,10.0,2.7,17.0,0.0,15.0
2020-03-19,9.1,5.8,12.1,0.0,15.0
2020-03-20,8.8,3.1,14.0,0.0,15.0
2020-03-21,12.8,7.9,19.5,0.0,15.0
2020-03-22,11.0,6.1,16.5,0.0,15.0
2020-03-23,10.6,5.4,17.0,0.0,15.0
2020-03-24,11.4,5.3,17.9,0.0,15.0
2020-03-25,12.5,6.1,19.2,0.0,15.0
2020-03-26,14.8,8.1,20.6,1.8,15.0
2020-03-27,11.9,6.7,15.8,2.0,15.0
2020-03-28,7.7,4.5,12.8,0.0,15.0
2020-03-29,8.7,1.3,16.1,0.0,15.0
2020-03-30,10.2,4.3,16.9,0.0,15.0
2020-03-31,11.9,4.7,18.6,0.0,15.0
2020-04-01,11.3,6.0,17.4,0.0,15.0
2020-04-02,9.3,3.4,15.5,0.0,15.0
2020-04-03,10.0,5.3,16.3,0.0,15.0
2020-04-04,8.9,5.0,13.3,0.0,15.0
2020-04-05,7.2,1.9,13.7,0.0,15.0
2020-04-06,9.3,2.9,16.1,0.0,15.0
2020-04-07,10.6,6.0,16.8,0.0,15.0
2020-04-08,9.4,5.2,14.2,0.0,15.0
2020-04-09,8.9,4.3,14.7,0.0,15.0
2020-04-10,10.7,5.8,16.8,0.0,15.0
2020-04-11,9.9,6.2,16.0,0.0,15.0
2020-04-12,9.9,4.4,15.6,0.0,15.0
2020-04-13,12.4,4.3,20.4,0.0,15.0
2020-04-14,13.0,7.6,19.6,0.0,15.0
2020-04-15,13.2,7.2,20.2,0.0,15.0
2020-04-16,16.0,8.9,23.8,0.0,15.0
2020-04-17,12.5,10.4,15.4,6.5,15.0
2020-04-18,13.5,8.5,19.6,0.0,15.0
2020-04-19,12.3,9.5,15.5,10.3,15.0
2020-04-20,10.0,7.6,13.1,0.1,15.0
2020-04-21,7.4,4.8,10.4,0.0,15.0
2020-04-22,6.0,4.1,8.3,0.0,15.0
2020-04-23,7.9,2.9,12.8,0.0,15.0
2020-04-24,9.9,4.1,14.3,0.0,15.0
2020-04-25,13.1,9.9,17.1,0.0,15.0
2020-04-26,12.3,6.8,19.0,0.0,15.0
2020-04-27,12.9,8.7,18.3,0.0,15.0
2020-04-28,13.9,7.8,19.9,0.0,28.5
2020-04-29,14.9,9.3,21.0,0.0,15.0
2020-04-30,17.1,9.3,23.4,0.0,31.0
2020-05-01,20.2,16.4,26.2,0.0,32.6
2020-05-02,20.3,18.0,23.9,0.0,36.6
2020-05-03,21.8,17.0,27.4,0.0,43.0
2020-05-04,20.2,14.8,25.3,0.0,43.2
2020-05-05,16.0,13.1,19.3,0.0,46.7
2020-05-06,19.4,11.1,27.6,0.0,43.0
2020-05-07,20.7,14.9,26.5,0.0,15.0
2020-05-08,19.9,14.3,27.3,2.3,41.2
2020-05-09,14.2,12.7,16.8,24.4,44.1
2020-05-10,14.4,12.8,16.6,1.3,42.3
2020-05-11,16.5,12.4,22.0,3.4,31.5
2020-05-12,14.3,10.5,18.9,0.7,31.8
2020-05-13,16.1,10.2,21.8,0.0,35.5
2020-05-14,19.3,12.4,25.4,0.0,15.0
2020-05-15,16.1,14.1,20.2,12.0,34.7
2020-05-16,16.7,15.0,20.3,2.5,41.0
2020-05-17,19.1,14.6,24.9,0.0,34.7
2020-05-18,19.1,13.2,26.8,29.8,35.8
2020-05-19,13.0,10.1,17.1,19.0,40.6
2020-05-20,14.4,9.2,20.1,0.0,40.6
2020-05-21,17.4,10.9,22.9,0.0,29.6
2020-05-22,18.5,14.8,22.7,0.0,31.8
2020-05-23,20.1,16.6,25.0,0.0,37.2
2020-05-24,17.1,14.3,20.2,14.5,39.4
2020-05-25,16.6,13.7,21.3,0.0,42.8
2020-05-26,16.2,12.7,22.9,1.5,36.6
2020-05-27,17.4,11.8,23.9,0.0,35.7
2020-05-28,18.7,14.2,23.4,0.0,34.9
2020-05-29,20.7,14.6,27.6,0.0,37.3
2020-05-30,22.6,16.5,30.0,0.0,40.8
2020-05-31,21.2,17.6,28.0,1.0,44.2
2020-06-01,19.7,16.6,24.5,0.4,48.9
2020-06-02,17.9,14.8,21.8,2.0,45.3
2020-06-03,22.0,17.6,28.4,0.0,41.9
2020-06-04,21.9,19.7,26.5,0.2,38.1
2020-06-05,23.0,18.4,28.7,0.0,47.8
2020-06-06,24.6,19.2,30.9,0.0,47.1
2020-06-07,22.7,19.2,29.2,0.0,49.7
2020-06-08,25.0,19.8,32.0,0.0,55.7
2020-06-09,26.7,20.3,32.8,0.0,49.9
2020-06-10,25.8,22.5,32.1,6.2,55.2
2020-06-11,26.1,21.7,31.6,0.0,60.3
2020-06-12,24.7,21.6,27.6,0.0,57.6
2020-06-13,26.9,20.6,33.5,0.0,58.5
2020-06-14,24.0,20.1,28.8,1.1,55.1
2020-06-15,23.0,18.2,28.6,0.0,60.9
2020-06-16,24.4,20.0,30.7,0.0,52.5
2020-06-17,24.3,20.2,30.3,0.0,49.7
2020-06-18,23.4,20.3,27.3,0.0,53.5
2020-06-19,24.7,21.1,30.0,0.1,53.2
2020-06-20,24.9,20.7,29.7,0.0,50.8
2020-06-21,26.1,19.5,32.7,0.0,54.4
2020-06-22,28.6,21.7,35.4,0.0,54.9
2020-06-23,27.3,23.2,31.0,0.0,58.6
2020-06-24,22.3,19.9,26.3,37.6,66.6
2020-06-25,21.6,20.1,23.4,13.3,62.2
2020-06-26,21.8,19.2,25.7,2.1,48.0
2020-06-27,24.1,20.4,29.6,0.0,46.3
2020-06-28,25.2,21.5,30.1,0.0,46.7
2020-06-29,23.8,20.6,26.5,11.9,52.7
2020-06-30,20.1,18.4,23.1,64.7,55.8
2020-07-01,21.1,18.1,24.3,0.0,52.2
2020-07-02,24.2,20.4,29.8,0.0,42.8
2020-07-03,25.5,21.6,30.6,0.1,45.1
2020-07-04,24.2,20.4,29.5,1.6,53.0
2020-07-05,23.8,19.9,27.6,0.0,15.0
2020-07-06,25.6,21.8,30.9,0.0,53.0
2020-07-07,24.1,22.1,28.1,0.0,51.9
2020-07-08,25.5,21.3,30.4,0.0,57.0
2020-07-09,27.5,21.8,32.9,0.0,52.7
2020-07-10,24.5,22.7,27.7,2.2,56.7
2020-07-11,25.8,22.2,30.2,0.0,62.9
2020-07-12,23.5,21.7,26.0,2.9,53.8
2020-07-13,18.7,17.7,21.7,47.6,57.6
2020-07-14,20.3,17.2,24.3,11.5,51.1
2020-07-15,23.4,18.9,28.7,0.0,15.6
2020-07-16,25.0,20.4,29.7,0.0,43.8
2020-07-17,26.0,21.5,31.6,0.0,50.9
2020-07-18,26.1,22.8,31.0,0.0,55.2
2020-07-19,24.0,20.6,26.6,29.1,58.2
2020-07-20,23.8,22.4,26.6,3.6,59.2
2020-07-21,25.0,21.4,30.5,0.0,55.9
2020-07-22,23.7,22.6,25.7,11.5,51.9
2020-07-23,21.1,18.5,22.6,103.1,55.2
2020-07-24,22.5,18.7,26.8,2.9,51.6
2020-07-25,24.3,22.3,29.0,0.0,45.1
2020-07-26,25.4,21.6,29.6,0.0,48.5
2020-07-27,24.3,22.9,25.5,2.2,53.2
2020-07-28,24.4,22.7,26.4,0.4,56.4
2020-07-29,23.7,22.6,24.9,50.1,53.2
2020-07-30,25.3,23.4,28.4,0.1,53.5
2020-07-31,26.2,22.8,29.6,1.5,51.7
2020-08-01,25.3,24.3,26.9,39.1,56.1
2020-08-02,24.9,23.5,26.4,31.4,58.9
2020-08-03,25.0,23.9,26.3,102.6,58.8
2020-08-04,27.0,25.0,29.4,3.9,55.6
2020-08-05,26.5,25.5,29.1,18.5,55.2
2020-08-06,24.1,22.9,26.0,75.7,61.3
2020-08-07,24.3,22.6,26.1,0.0,59.7
2020-08-08,24.2,22.7,26.1,19.1,52.7
2020-08-09,24.9,23.7,25.8,50.3,54.8
2020-08-10,26.5,24.7,29.5,44.6,53.1
2020-08-11,24.6,22.4,27.3,97.0,54.9
2020-08-12,27.2,23.5,31.3,0.0,60.4
2020-08-13,28.0,26.3,30.3,0.0,59.9
2020-08-14,27.1,26.5,28.0,0.4,62.1
2020-08-15,26.1,25.0,27.0,69.0,64.5
2020-08-16,27.4,25.3,30.8,0.0,61.6
2020-08-17,28.2,26.1,32.2,0.0,58.6
2020-08-18,27.5,24.0,31.9,0.0,62.6
2020-08-19,27.1,23.6,31.4,0.0,68.6
2020-08-20,27.7,25.0,31.7,0.0,62.9
2020-08-21,26.6,25.2,29.2,2.5,61.7
2020-08-22,24.3,21.7,27.6,42.6,66.1
2020-08-23,25.3,21.5,29.9,0.0,61.9
2020-08-24,27.8,23.7,32.0,0.0,59.0
2020-08-25,29.9,26.0,34.5,0.0,56.3
2020-08-26,30.2,27.0,34.5,0.6,65.1
2020-08-27,27.1,25.6,28.6,8.7,76.8
2020-08-28,27.3,26.0,29.7,13.6,72.4
2020-08-29,26.8,25.5,29.0,13.6,62.8
2020-08-30,26.8,24.4,30.6,42.5,65.4
2020-08-31,26.4,23.8,30.0,0.0,63.4
2020-09-01,26.6,23.8,29.5,0.0,66.8
2020-09-02,24.3,22.6,26.4,33.3,59.4
2020-09-03,22.7,20.0,25.6,29.8,60.0
2020-09-04,23.3,19.9,27.5,0.0,53.3
2020-09-05,23.3,19.2,27.3,0.0,52.5
2020-09-06,21.7,19.5,24.4,6.4,50.5
2020-09-07,19.2,17.5,20.6,61.0,50.5
2020-09-08,23.4,20.6,26.5,0.0,46.5
2020-09-09,21.1,19.0,25.3,1.3,40.8
2020-09-10,22.8,18.8,27.0,3.9,50.8
2020-09-11,22.4,19.2,27.1,1.2,45.2
2020-09-12,20.2,18.1,23.2,5.7,51.4
2020-09-13,21.5,16.7,26.6,0.0,48.2
2020-09-14,21.3,17.6,24.9,0.0,43.0
2020-09-15,23.0,18.9,27.7,0.0,46.0
2020-09-16,22.5,21.3,24.9,0.3,45.6
2020-09-17,21.3,20.1,23.6,0.0,50.2
2020-09-18,21.5,18.1,25.8,0.0,49.1
2020-09-19,21.2,17.6,26.2,0.3,46.2
2020-09-20,19.7,15.6,24.9,0.0,48.0
2020-09-21,19.1,13.6,25.3,0.0,45.3
2020-09-22,20.2,15.5,25.6,0.0,41.9
2020-09-23,19.2,15.2,23.8,0.0,42.0
2020-09-24,20.6,16.8,25.4,0.0,44.3
2020-09-25,20.1,16.6,25.4,0.0,40.8
2020-09-26,19.3,14.8,24.8,0.0,43.9
2020-09-27,20.4,14.9,25.8,0.0,43.1
2020-09-28,20.7,15.7,26.5,0.0,43.6
2020-09-29,19.6,15.3,23.9,0.0,43.5
2020-09-30,19.6,16.2,25.7,38.3,44.2
2020-10-01,18.8,15.6,23.6,0.0,41.8
2020-10-02,19.2,16.3,21.9,0.0,41.7
2020-10-03,19.9,18.3,23.2,0.0,40.2
2020-10-04,16.6,10.6,21.8,0.0,40.8
2020-10-05,13.3,8.5,18.4,0.0,42.3
2020-10-06,14.2,9.3,19.7,0.0,35.7
2020-10-07,16.0,9.9,22.0,0.0,30.0
2020-10-08,17.2,12.1,23.1,0.0,15.0
2020-10-09,17.2,12.4,23.3,0.0,15.0
2020-10-10,16.9,12.3,21.5,0.0,15.0
2020-10-11,16.9,12.7,20.8,0.0,15.0
2020-10-12,16.2,12.1,21.3,0.0,15.0
2020-10-13,13.6,8.6,18.4,0.0,15.0
2020-10-14,12.8,8.5,18.0,0.0,15.0
2020-10-15,11.7,6.5,18.5,0.0,15.0
2020-10-16,11.8,8.6,15.4,0.0,15.0
2020-10-17,13.1,8.7,18.6,0.0,15.0
2020-10-18,13.6,7.2,20.2,0.0,15.0
2020-10-19,15.1,9.8,21.3,0.0,15.0
2020-10-20,15.2,9.9,21.7,0.0,15.0
2020-10-21,14.1,11.8,17.3,0.0,15.6
2020-10-22,13.5,8.4,18.2,0.0,15.0
2020-10-23,8.6,5.4,13.3,0.0,15.0
2020-10-24,8.7,3.2,14.0,0.0,15.0
2020-10-25,11.8,5.4,18.2,0.0,15.0
2020-10-26,12.9,8.0,19.0,0.0,15.0
2020-10-27,14.0,9.0,19.4,0.0,15.0
2020-10-28,13.8,8.6,18.2,0.0,15.0
2020-10-29,10.8,5.5,16.1,0.0,15.0
2020-10-30,11.9,5.8,19.6,0.0,15.0
2020-10-31,13.6,8.5,18.2,0.0,15.0
2020-11-01,13.7,11.6,15.0,13.6,15.0
2020-11-02,10.8,7.9,15.6,1.7,15.0
2020-11-03,5.1,2.7,8.6,0.5,15.0
2020-11-04,4.9,0.2,10.8,0.0,15.0
2020-11-05,9.6,3.4,15.9,0.0,15.0
2020-11-06,13.5,9.9,17.2,0.0,15.0
2020-11-07,14.6,12.2,18.1,0.1,15.0
2020-11-08,8.5,3.1,12.4,0.0,15.0
2020-11-09,5.5,0.7,8.9,0.0,15.0
2020-11-10,7.7,3.5,12.9,0.0,15.0
2020-11-11,9.3,3.5,16.5,0.0,15.0
2020-11-12,10.4,4.6,17.7,0.0,15.0
2020-11-13,12.2,8.5,17.6,0.0,15.0
2020-11-14,12.5,6.8,19.3,0.0,15.0
2020-11-15,11.1,8.2,14.9,0.0,15.0
2020-11-16,12.4,7.5,18.3,0.0,15.0
2020-11-17,15.9,11.7,20.0,0.1,15.0
2020-11-18,16.6,14.8,18.7,12.2,15.0
2020-11-19,13.6,6.9,19.1,86.9,15.0
2020-11-20,2.8,0.3,7.0,0.0,15.0
2020-11-21,6.5,-0.3,12.8,0.2,15.0
2020-11-22,5.6,1.5,9.1,4.8,15.0
2020-11-23,1.7,-1.5,5.9,0.0,15.0
2020-11-24,2.9,0.2,6.4,0.0,15.0
2020-11-25,4.6,0.0,9.5,0.0,15.0
2020-11-26,5.6,1.9,10.9,0.0,15.0
2020-11-27,4.1,0.6,7.7,0.0,15.0
2020-11-28,-0.1,-2.3,2.8,0.0,15.0
2020-11-29,-0.6,-3.6,2.6,0.0,15.0
2020-11-30,-0.2,-3.6,4.3,0.0,15.0
2020-12-01,1.1,-3.6,6.7,0.0,15.0
2020-12-02,2.4,0.5,6.1,0.0,15.0
2020-12-03,0.7,-2.3,4.2,0.0,15.0
2020-12-04,-0.6,-4.6,4.4,0.0,15.0
2020-12-05,2.1,-2.2,6.6,0.0,15.0
2020-12-06,4.5,1.2,9.1,0.0,15.0
2020-12-07,3.4,-0.7,6.3,0.0,15.0
2020-12-08,-0.5,-3.5,4.1,0.0,15.0
2020-12-09,1.5,-4.1,6.2,0.0,15.0
2020-12-10,5.8,3.2,9.3,0.0,15.0
2020-12-11,5.3,2.6,9.4,0.0,15.0
2020-12-12,2.3,-0.3,6.1,0.0,15.0
2020-12-13,-1.1,-6.0,2.0,2.9,15.0
2020-12-14,-7.7,-9.7,-5.0,0.0,15.0
2020-12-15,-8.3,-11.1,-4.6,0.0,15.0
2020-12-16,-8.3,-11.2,-3.9,0.0,15.0
2020-12-17,-4.9,-11.1,0.8,0.0,15.0
2020-12-18,-2.1,-6.4,1.8,0.2,15.0
2020-12-19,-5.1,-9.6,-1.2,0.0,15.0
2020-12-20,-3.7,-8.2,1.1,0.0,15.0
2020-12-21,-1.0,-6.0,4.7,0.0,15.0
2020-12-22,2.0,-2.5,7.2,0.0,15.0
2020-12-23,4.5,-0.4,8.5,0.0,15.0
2020-12-24,2.6,-2.0,6.1,0.0,15.0
2020-12-25,-0.8,-4.7,3.5,0.0,15.0
2020-12-26,2.2,-2.1,8.0,0.0,15.0
2020-12-27,5.8,1.4,10.0,0.0,15.0
2020-12-28,6.7,4.2,11.4,1.3,15.0
2020-12-29,0.1,-6.2,4.3,0.2,15.0
2020-12-30,-10.9,-12.9,-6.2,0.0,15.0
2020-12-31,-8.9,-12.9,-5.0,0.0,15.0
2021-01-01,-4.2,-9.8,1.6,0.0,15.0
2021-01-02,-5.0,-8.4,-1.4,0.0,15.0
2021-01-03,-5.6,-9.1,-2.0,0.0,15.0
2021-01-04,-3.5,-8.4,0.3,0.0,15.0
2021-01-05,-5.5,-9.9,-2.1,0.0,15.0
2021-01-06,-7.4,-12.0,-1.9,2.3,15.0
2021-01-07,-14.5,-16.5,-8.4,0.0,15.0
2021-01-08,-14.9,-18.6,-10.7,0.0,15.0
2021-01-09,-12.2,-16.6,-7.5,0.0,15.0
2021-01-10,-7.7,-12.8,-2.7,0.0,15.0
2021-01-11,-6.7,-9.6,-4.0,0.0,15.0
2021-01-12,-3.9,-9.3,-0.5,2.6,15.0
2021-01-13,2.0,-3.0,8.3,0.0,15.0
2021-01-14,1.7,-3.6,7.0,0.0,12.2
2021-01-15,4.5,-0.7,9.9,0.2,16.7
2021-01-16,-4.9,-8.7,-0.7,0.0,16.4
2021-01-17,-5.5,-10.8,-1.3,0.0,19.0
2021-01-18,-3.8,-9.1,0.2,0.3,11.6
2021-01-19,-6.3,-11.6,-0.2,0.0,11.3
2021-01-20,-0.1,-6.6,7.1,0.0,12.3
2021-01-21,4.5,2.5,7.0,9.2,10.8
2021-01-22,5.5,4.8,6.6,0.1,14.9
2021-01-23,7.6,4.8,12.2,0.0,19.0
2021-01-24,7.3,2.4,13.9,0.0,20.0
2021-01-25,7.9,3.0,13.9,0.0,22.3
2021-01-26,5.3,1.7,7.4,1.7,22.0
2021-01-27,1.7,-1.8,6.5,0.0,22.7
2021-01-28,-2.6,-9.7,1.4,2.0,9.8
2021-01-29,-8.8,-11.6,-4.9,0.0,0.0
2021-01-30,-1.6,-8.1,5.2,0.5,0.0
2021-01-31,3.2,-3.8,8.7,0.0,0.0
2021-02-01,5.0,-2.3,9.5,0.7,0.0
2021-02-02,-5.6,-8.2,-2.4,0.0,1.3
2021-02-03,-3.2,-9.4,1.4,3.4,6.5
2021-02-04,-3.6,-7.4,0.7,0.1,0.0
2021-02-05,1.4,-4.4,6.7,0.0,0.0
2021-02-06,6.8,4.3,9.5,0.0,0.0
2021-02-07,3.6,-2.6,7.7,0.0,0.0
2021-02-08,-3.1,-5.4,0.2,0.0,12.5
2021-02-09,-0.9,-6.1,4.7,0.0,3.8
2021-02-10,3.4,-1.5,7.2,0.0,0.0
2021-02-11,5.5,1.3,10.9,0.0,0.0
2021-02-12,6.5,0.6,14.0,0.0,3.6
2021-02-13,7.6,1.0,15.9,0.0,6.6
2021-02-14,9.5,6.4,13.8,0.0,6.5
2021-02-15,1.2,-5.2,8.2,1.4,8.1
2021-02-16,-5.1,-7.0,-1.3,1.5,16.8
2021-02-17,-8.3,-10.4,-5.2,0.0,0.0
2021-02-18,-5.8,-10.6,-0.4,0.0,0.0
2021-02-19,1.6,-7.1,8.9,0.0,0.0
2021-02-20,8.8,5.5,14.9,0.0,0.0
2021-02-21,10.8,4.7,17.4,0.0,0.0
2021-02-22,7.8,0.4,12.6,0.0,13.2
2021-02-23,0.0,-3.1,4.3,0.0,17.2
2021-02-24,2.9,-3.0,10.1,0.0,12.4
2021-02-25,4.2,0.7,8.2,0.0,0.0
2021-02-26,8.2,0.5,15.8,0.0,0.0
2021-02-27,9.5,4.3,16.2,0.0,5.2
2021-02-28,7.8,3.2,10.8,0.0,10.2
2021-03-01,4.7,0.5,9.0,67.5,14.1
2021-03-02,2.3,0.2,6.9,0.1,14.4
2021-03-03,4.4,-1.2,9.9,0.0,6.0
2021-03-04,7.2,2.5,13.0,0.0,0.3
2021-03-05,9.0,3.0,16.2,0.0,4.0
2021-03-06,6.6,3.2,11.6,0.0,10.0
2021-03-07,6.2,2.1,12.2,0.0,12.5
2021-03-08,7.0,1.5,13.9,0.0,9.5
2021-03-09,6.6,2.1,12.2,0.0,7.5
2021-03-10,8.8,1.7,17.1,0.0,8.3
2021-03-11,10.2,4.7,17.1,0.0,8.8
2021-03-12,10.5,7.2,14.9,0.0,10.8
2021-03-13,9.2,4.6,14.2,0.0,15.5
2021-03-14,9.1,4.9,14.7,0.0,18.9
2021-03-15,10.6,5.1,15.7,1.7,15.4
2021-03-16,8.4,4.9,13.1,1.3,14.5
2021-03-17,8.8,1.8,17.5,0.0,18.4
2021-03-18,11.7,5.0,18.4,0.0,13.9
2021-03-19,15.3,11.4,20.2,0.0,10.3
2021-03-20,9.9,7.4,14.7,5.1,19.1
2021-03-21,5.8,3.1,8.6,0.3,29.2
2021-03-22,6.2,1.1,11.1,0.0,17.2
2021-03-23,9.1,2.5,16.4,0.0,10.2
2021-03-24,10.8,5.7,16.9,0.0,8.7
2021-03-25,11.9,6.8,19.0,0.0,12.6
2021-03-26,12.6,4.8,20.6,0.0,17.7
2021-03-27,12.1,10.2,15.0,25.5,19.1
2021-03-28,9.0,7.7,13.0,9.2,42.6
2021-03-29,10.2,7.3,14.6,0.2,24.2
2021-03-30,10.8,4.1,18.2,0.0,16.0
2021-03-31,14.5,5.9,22.9,0.0,18.3
2021-04-01,17.7,12.0,24.0,0.0,16.3
2021-04-02,17.8,12.5,23.0,0.0,23.5
2021-04-03,14.9,10.9,18.0,56.2,33.0
2021-04-04,11.9,9.0,15.8,0.6,34.5
2021-04-05,11.9,5.4,19.3,0.0,30.3
2021-04-06,13.9,9.4,19.2,0.0,22.7
2021-04-07,14.1,8.1,20.4,0.0,18.8
2021-04-08,13.0,7.2,18.0,0.0,25.6
2021-04-09,13.6,7.6,19.6,0.0,24.9
2021-04-10,12.6,7.7,18.8,0.0,23.9
2021-04-11,15.0,7.5,21.8,0.0,24.1
2021-04-12,13.8,11.9,17.8,22.0,21.7
2021-04-13,10.4,5.7,13.5,8.0,26.4
2021-04-14,8.4,3.1,13.3,0.0,26.8
2021-04-15,11.6,6.3,18.3,0.0,20.2
2021-04-16,11.3,8.1,14.8,0.7,13.7
2021-04-17,9.6,6.0,14.6,0.0,18.9
2021-04-18,9.9,5.6,15.3,0.0,21.7
2021-04-19,12.2,5.8,19.4,0.0,16.3
2021-04-20,14.8,8.1,22.0,0.0,16.5
2021-04-21,19.1,10.3,28.2,0.0,19.7
2021-04-22,20.9,16.1,27.5,0.0,25.5
2021-04-23,19.0,17.0,21.7,0.0,33.1
2021-04-24,18.3,15.3,22.2,0.0,39.9
2021-04-25,18.2,12.6,24.0,0.0,40.0
2021-04-26,16.2,12.3,20.6,0.0,37.1
2021-04-27,15.4,12.5,20.0,1.7,34.7
2021-04-28,14.5,11.2,18.2,4.7,31.8
2021-04-29,14.6,10.9,20.1,3.9,29.7
2021-04-30,11.3,8.6,14.6,26.3,28.7
2021-05-01,10.2,8.5,15.3,8.0,26.9
2021-05-02,12.4,7.3,18.7,1.7,22.0
2021-05-03,14.1,8.4,20.3,0.0,17.5
2021-05-04,13.8,11.4,15.8,19.6,21.1
2021-05-05,13.9,10.3,18.4,0.1,25.0
2021-05-06,15.7,7.9,23.1,0.0,29.0
2021-05-07,14.4,10.7,17.2,8.8,26.5
2021-05-08,14.3,8.9,21.0,0.0,27.3
2021-05-09,15.7,10.0,21.8,0.0,29.5
2021-05-10,13.2,11.7,14.6,0.0,24.9
2021-05-11,18.5,9.4,25.7,0.0,28.8
2021-05-12,22.0,16.9,27.7,0.0,28.4
2021-05-13,22.9,16.6,29.6,0.0,33.8
2021-05-14,24.1,18.0,30.8,0.0,43.4
2021-05-15,22.1,20.8,26.2,15.0,44.3
2021-05-16,18.4,14.8,20.8,66.9,47.0
2021-05-17,15.3,14.2,16.7,3.1,45.4
2021-05-18,17.9,13.6,24.5,0.0,38.9
2021-05-19,19.9,12.4,26.6,0.0,33.1
2021-05-20,18.7,15.6,22.9,0.9,33.1
2021-05-21,16.0,14.2,18.2,6.9,37.5
2021-05-22,18.6,13.8,23.8,0.2,63.1
2021-05-23,19.5,14.3,25.1,0.0,33.8
2021-05-24,19.4,16.4,24.5,0.0,36.3
2021-05-25,15.3,11.9,19.3,8.3,37.9
2021-05-26,18.0,11.5,23.0,0.0,38.2
2021-05-27,15.8,13.9,18.7,8.9,30.2
2021-05-28,15.3,12.4,19.7,12.3,35.2
2021-05-29,15.4,12.8,19.1,0.3,32.5
2021-05-30,18.4,10.8,26.3,18.1,29.7
2021-05-31,19.9,16.5,23.8,4.0,30.8
2021-06-01,20.2,15.9,23.9,3.2,32.8
2021-06-02,23.2,16.6,29.7,0.0,40.7
2021-06-03,19.1,14.6,22.7,18.1,41.6
2021-06-04,18.5,13.3,23.6,0.0,45.2
2021-06-05,20.8,17.0,25.7,0.0,39.2
2021-06-06,23.0,18.4,28.2,0.0,36.2
2021-06-07,21.1,19.4,24.0,0.0,41.6
2021-06-08,23.6,18.8,29.5,0.1,46.2
2021-06-09,25.8,19.5,31.6,0.0,44.5
2021-06-10,24.9,20.5,29.8,6.1,46.8
2021-06-11,21.5,19.9,24.4,4.6,51.8
2021-06-12,24.2,18.2,30.2,0.0,50.8
2021-06-13,24.8,20.9,29.7,0.0,45.4
2021-06-14,24.8,18.9,30.2,0.0,48.0
2021-06-15,22.5,21.5,25.3,1.9,50.6
2021-06-16,24.3,20.3,28.9,0.0,50.0
2021-06-17,21.9,19.6,25.0,0.0,47.7
2021-06-18,20.0,19.0,21.4,6.3,49.8
2021-06-19,22.3,17.5,27.4,0.0,46.0
2021-06-20,22.9,17.6,29.0,0.0,43.7
2021-06-21,23.6,19.2,28.5,0.0,44.7
2021-06-22,22.8,19.7,28.6,0.0,45.0
2021-06-23,22.4,18.8,27.9,7.5,47.9
2021-06-24,23.0,18.5,28.0,0.0,45.1
2021-06-25,24.1,19.5,29.5,0.0,44.5
2021-06-26,22.8,19.9,26.7,4.5,46.4
2021-06-27,24.5,19.8,30.8,38.2,48.4
2021-06-28,23.7,21.0,29.2,0.1,47.2
2021-06-29,23.9,21.3,28.4,8.0,48.3
2021-06-30,24.3,21.0,28.8,6.0,47.4
2021-07-01,26.3,21.4,31.0,0.0,49.0
2021-07-02,27.1,23.6,31.8,0.0,49.9
2021-07-03,22.6,19.6,25.7,60.0,54.2
2021-07-04,21.4,19.8,23.1,21.4,56.0
2021-07-05,23.3,20.1,26.9,0.0,47.6
2021-07-06,25.3,21.0,30.1,0.0,46.5
2021-07-07,26.4,23.9,29.1,12.7,48.6
2021-07-08,26.0,23.8,29.8,2.9,51.8
2021-07-09,25.5,23.6,29.2,0.0,56.6
2021-07-10,25.9,23.1,29.2,0.5,54.5
2021-07-11,25.7,24.1,27.5,0.4,53.5
2021-07-12,28.1,23.8,32.5,0.0,54.8
2021-07-13,28.8,26.3,31.5,0.0,56.0
2021-07-14,29.7,26.1,33.5,0.0,58.5
2021-07-15,29.1,25.9,34.5,0.0,62.0
2021-07-16,28.8,24.2,35.2,0.0,62.8
2021-07-17,29.1,24.7,32.8,0.0,59.7
2021-07-18,29.6,25.7,34.1,0.0,57.9
2021-07-19,26.4,24.0,30.5,67.4,61.6
2021-07-20,27.9,23.6,31.8,0.0,61.8
2021-07-21,30.5,25.3,35.3,0.0,55.1
2021-07-22,31.2,26.5,35.9,0.0,58.7
2021-07-23,31.2,27.2,35.8,0.0,63.5
2021-07-24,31.7,26.9,36.5,0.0,65.2
2021-07-25,31.5,27.2,35.9,0.0,65.3
2021-07-26,31.2,27.4,35.4,0.0,66.2
2021-07-27,31.1,27.8,35.7,0.0,66.2
2021-07-28,30.4,27.1,34.7,0.0,65.7
2021-07-29,29.6,27.0,33.3,0.0,65.1
2021-07-30,30.5,25.8,35.4,0.0,63.8
2021-07-31,29.8,26.8,34.3,3.0,62.7
2021-08-01,27.1,25.1,28.8,21.0,63.4
2021-08-02,26.5,25.0,28.6,1.7,62.3
2021-08-03,28.0,24.1,31.4,0.0,59.3
2021-08-04,28.9,26.3,33.2,0.0,57.5
2021-08-05,29.4,25.6,33.7,0.0,59.4
2021-08-06,28.1,26.0,32.2,0.0,60.5
2021-08-07,28.0,23.4,32.3,0.0,61.6
2021-08-08,26.8,24.4,32.1,12.7,58.9
2021-08-09,28.3,23.3,33.6,0.0,58.4
2021-08-10,27.7,24.3,32.2,0.0,54.6
2021-08-11,27.4,24.1,31.6,0.0,58.0
2021-08-12,26.8,24.0,31.7,0.0,57.5
2021-08-13,26.6,23.4,30.1,0.0,57.2
2021-08-14,26.1,23.4,30.5,0.0,55.1
2021-08-15,26.9,21.7,32.4,0.0,56.2
2021-08-16,27.3,22.5,32.8,0.0,54.0
2021-08-17,25.9,21.9,31.3,9.3,54.6
2021-08-18,24.3,20.6,31.0,5.6,55.5
2021-08-19,26.0,21.0,31.5,0.0,52.5
2021-08-20,26.6,22.6,30.7,0.0,47.4
2021-08-21,23.8,21.0,25.5,62.8,52.6
2021-08-22,24.4,22.4,27.0,0.0,55.5
2021-08-23,22.4,21.0,24.0,7.4,51.9
2021-08-24,23.4,21.1,26.4,10.5,52.2
2021-08-25,25.0,23.5,27.3,0.3,48.8
2021-08-26,25.5,22.9,27.9,0.7,49.5
2021-08-27,22.4,20.4,25.5,0.9,53.9
2021-08-28,23.6,19.7,28.2,0.0,54.9
2021-08-29,23.7,21.9,26.3,0.9,47.2
2021-08-30,24.2,21.2,27.7,0.0,48.2
2021-08-31,20.5,18.1,23.1,77.4,50.7
2021-09-01,21.4,18.5,23.9,0.8,50.8
2021-09-02,23.5,20.7,26.7,0.0,43.5
2021-09-03,24.3,20.6,29.2,0.0,45.6
2021-09-04,23.2,18.5,28.6,0.0,49.5
2021-09-05,23.1,19.4,27.3,0.0,49.4
2021-09-06,22.3,18.0,26.4,12.0,46.4
2021-09-07,19.6,17.6,20.9,29.6,47.5
2021-09-08,22.2,19.0,26.9,1.6,45.8
2021-09-09,23.5,19.1,29.1,0.0,42.9
2021-09-10,23.6,19.5,28.9,0.0,44.9
2021-09-11,24.0,19.9,29.4,0.0,46.9
2021-09-12,24.2,19.2,29.8,0.0,47.4
2021-09-13,24.8,20.8,30.3,0.0,48.2
2021-09-14,24.6,20.0,29.5,0.0,48.4
2021-09-15,23.6,19.5,28.9,0.0,49.9
2021-09-16,22.9,18.0,27.3,0.0,50.1
2021-09-17,23.5,20.5,28.2,0.0,47.4
2021-09-18,23.9,18.9,29.8,0.0,46.8
2021-09-19,23.7,20.8,27.8,0.0,47.9
2021-09-20,23.7,19.0,28.4,0.0,47.4
2021-09-21,22.0,17.4,26.2,68.1,49.0
2021-09-22,20.2,16.8,24.3,4.5,48.3
2021-09-23,20.9,16.9,25.9,0.0,45.0
2021-09-24,21.8,16.7,26.9,0.0,41.1
2021-09-25,21.2,18.7,23.1,0.0,41.7
2021-09-26,22.6,18.4,27.3,0.0,43.6
2021-09-27,21.6,18.7,25.0,0.0,45.8
2021-09-28,21.5,19.6,24.4,1.3,45.8
2021-09-29,20.2,17.8,21.4,13.1,45.0
2021-09-30,20.3,16.0,25.9,0.0,45.4
2021-10-01,21.1,16.9,27.5,13.3,44.3
2021-10-02,20.7,16.4,26.6,0.0,39.7
2021-10-03,22.3,17.1,28.8,0.0,40.6
2021-10-04,22.9,19.2,25.6,3.6,40.2
2021-10-05,23.6,21.7,26.5,0.0,43.2
2021-10-06,18.8,17.9,21.7,6.4,48.7
2021-10-07,19.4,17.9,21.9,4.6,50.1
